{
  "Deb": [
    {
      "phrase": "hi, im Deb.",
      "replies": [
        {
          "phrase": "Hi Deb",
          "dialouge_num": 1
        },
        {
          "phrase": "Bye",
          "dialouge_num": -1
        }
      ],
      "hand_num": -1, 
      "amount": 0,
      "textSpeed": 10
    },
    {
      "phrase": "Did you know you can turn junk and seeds into compost, right here in this bucket?",
      "replies": [
        {
          "phrase": "Yeah",
          "dialouge_num": 2
        },
        {
          "phrase": "No",
          "dialouge_num": -1
        }
      ],
      "hand_num": -1, 
      "amount": 0,
      "textSpeed": 10
    },
    {
      "phrase": "Here I have some Junk in my pockets",
      "replies": [
        {
          "phrase": "Thanks",
          "dialouge_num": -1
        }
      ],
      "hand_num": 0, 
      "amount": 3,
      "textSpeed": 10
    }
  ],
  "Rick": [
    {
      "phrase": "hi, im Rick.",
      "replies": [
        {
          "phrase": "Hi Rick",
          "dialouge_num": 1
        },
        {
          "phrase": "Bye",
          "dialouge_num": -1
        }
      ],
      "hand_num": -1, 
      "amount": 0,
      "textSpeed": 10
    },
    {
      "phrase": "Do you want some strawberries?",
      "replies": [
        {
          "phrase": "Yeah",
          "dialouge_num": 2
        },
        {
          "phrase": "No, thanks",
          "dialouge_num": -1
        }
      ],
      "hand_num": -1, 
      "amount": 0,
      "textSpeed": 10
    },
    {
      "phrase": "Here you go.",
      "replies": [
        {
          "phrase": "Thanks",
          "dialouge_num": -1
        }
      ],
      "hand_num": 0,
      "amount": 2,
      "textSpeed": 10
    }
  ],
  "Meb": [
    {
      "phrase": "hi, im Meb, I know she got the better name.",
      "replies": [
        {
          "phrase": "Hi Meb",
          "dialouge_num": 1
        },
        {
          "phrase": "Bye",
          "dialouge_num": -1
        }
      ],
      "hand_num": -1, 
      "amount": 0,
      "textSpeed": 10
    },
    {
      "phrase": "How are you today?",
      "replies": [
        {
          "phrase": "Good",
          "dialouge_num": -1
        },
        {
          "phrase": "Bad",
          "dialouge_num": -1
        },
        {
          "phrase": "Bye",
          "dialouge_num": -1
        }
      ],
      "hand_num": -1, 
      "amount": 0,
      "textSpeed": 10
    }
  ],
  "Mario": [
    {
      "phrase": "hi, im Mario",
      "replies": [
        {
          "phrase": "Hi Mario",
          "dialouge_num": 1
        },
        {
          "phrase": "Bye",
          "dialouge_num": -1
        }
      ],
      "hand_num": -1, 
      "amount": 0,
      "textSpeed": 10
    },
    {
      "phrase": "I may be the local plumber, but I don't take crap from nobody",
      "replies": [
        {
          "phrase": "Good for you",
          "dialouge_num": 2
        },
        {
          "phrase": "Isn't that your job?",
          "dialouge_num": -1
        },
        {
          "phrase": "Bye",
          "dialouge_num": -1
        }
      ],
      "hand_num": -1, 
      "amount": 0,
      "textSpeed": 10
    },
    {
      "phrase": "Thanks, have a sprinkler",
      "replies": [
        {
          "phrase": "Thank you",
          "dialouge_num": -1
        }
      ],
      "hand_num": 0, 
      "amount": 1,
      "textSpeed": 10
    }
  ],
  "Garry": [
    {
      "phrase": "hi, im Garry, and im very tired so leave me alone",
      "replies": [
        {
          "phrase": "Oh, ok bye",
          "dialouge_num": -1
        }
      ],
      "hand_num": -1, 
      "amount": 0,
      "textSpeed": 10
    }
  ],
  "Mira": [
    {
      "phrase": "hi, im Mira",
      "replies": [
        {
          "phrase": "Hi Mira",
          "dialouge_num": 1
        },
        {
          "phrase": "Bye",
          "dialouge_num": -1
        }
      ],
      "hand_num": -1, 
      "amount": 0,
      "textSpeed": 10
    },
    {
      "phrase": "How are you today?",
      "replies": [
        {
          "phrase": "Good",
          "dialouge_num": -1
        },
        {
          "phrase": "Bad",
          "dialouge_num": -1
        },
        {
          "phrase": "Bye",
          "dialouge_num": -1
        }
      ],
      "hand_num": -1, 
      "amount": 0,
      "textSpeed": 10
    }
  ],
  "OldManJ": [
    {
      "phrase": "hi, im OldManJ",
      "replies": [
        {
          "phrase": "Hi OldManJ",
          "dialouge_num": 1
        },
        {
          "phrase": "Bye",
          "dialouge_num": -1
        }
      ],
      "hand_num": -1, 
      "amount": 0,
      "textSpeed": 10
    },
    {
      "phrase": "How are you today?",
      "replies": [
        {
          "phrase": "Good",
          "dialouge_num": -1
        },
        {
          "phrase": "Bad",
          "dialouge_num": -1
        },
        {
          "phrase": "Bye",
          "dialouge_num": -1
        }
      ],
      "hand_num": -1, 
      "amount": 0,
      "textSpeed": 10
    }
  ],
  "Brandon": [
    {
      "phrase": "hi, im Brandon",
      "replies": [
        {
          "phrase": "Hi Brandon",
          "dialouge_num": 1
        },
        {
          "phrase": "Bye",
          "dialouge_num": -1
        }
      ],
      "hand_num": -1, 
      "amount": 0,
      "textSpeed": 10
    },
    {
      "phrase": "How are you today?",
      "replies": [
        {
          "phrase": "Good",
          "dialouge_num": -1
        },
        {
          "phrase": "Bad",
          "dialouge_num": -1
        },
        {
          "phrase": "Bye",
          "dialouge_num": -1
        }
      ],
      "hand_num": -1, 
      "amount": 0,
      "textSpeed": 10
    }
  ],
  "Brent": [
    {
      "phrase": "hi, im Brent",
      "replies": [
        {
          "phrase": "Hi Brent",
          "dialouge_num": 1
        },
        {
          "phrase": "Bye",
          "dialouge_num": -1
        }
      ],
      "hand_num": -1, 
      "amount": 0,
      "textSpeed": 10
    },
    {
      "phrase": "How are you today?",
      "replies": [
        {
          "phrase": "Good",
          "dialouge_num": -1
        },
        {
          "phrase": "Bad",
          "dialouge_num": -1
        },
        {
          "phrase": "Bye",
          "dialouge_num": -1
        }
      ],
      "hand_num": -1, 
      "amount": 0,
      "textSpeed": 10
    }
  ],
  "Blind_Pette": [
    {
      "phrase": "hi, im Blind_Pette",
      "replies": [
        {
          "phrase": "Hi Blind_Pette",
          "dialouge_num": 1
        },
        {
          "phrase": "Bye",
          "dialouge_num": -1
        }
      ],
      "hand_num": -1, 
      "amount": 0,
      "textSpeed": 10
    },
    {
      "phrase": "How are you today?",
      "replies": [
        {
          "phrase": "Good",
          "dialouge_num": -1
        },
        {
          "phrase": "Bad",
          "dialouge_num": -1
        },
        {
          "phrase": "Bye",
          "dialouge_num": -1
        }
      ],
      "hand_num": -1, 
      "amount": 0,
      "textSpeed": 10
    }
  ],
  "James": [
    {
      "phrase": "hi, im James",
      "replies": [
        {
          "phrase": "Hi James",
          "dialouge_num": 1
        },
        {
          "phrase": "Bye",
          "dialouge_num": -1
        }
      ],
      "hand_num": -1, 
      "amount": 0,
      "textSpeed": 10
    },
    {
      "phrase": "How are you today?",
      "replies": [
        {
          "phrase": "Good",
          "dialouge_num": -1
        },
        {
          "phrase": "Bad",
          "dialouge_num": -1
        },
        {
          "phrase": "Bye",
          "dialouge_num": -1
        }
      ],
      "hand_num": -1, 
      "amount": 0,
      "textSpeed": 10
    }
  ],
  "Liam": [
    {
      "phrase": "hi, im Liam",
      "replies": [
        {
          "phrase": "Hi Liam",
          "dialouge_num": 1
        },
        {
          "phrase": "Bye",
          "dialouge_num": -1
        }
      ],
      "hand_num": -1, 
      "amount": 0,
      "textSpeed": 10
    },
    {
      "phrase": "How are you today?",
      "replies": [
        {
          "phrase": "Good",
          "dialouge_num": -1
        },
        {
          "phrase": "Bad",
          "dialouge_num": -1
        },
        {
          "phrase": "Bye",
          "dialouge_num": -1
        }
      ],
      "hand_num": -1, 
      "amount": 0,
      "textSpeed": 10
    }
  ]
}
