{
  "Deb": [
    {
      "phrase": "Hi, I'm Deb. I make the compost around these parts with my sister.",
      "replies": [
        {
          "phrase": "What's with the bucket of worms?",
          "dialouge_num": 1,
          "quest": -1
        },
        {
          "phrase": "Do you need any help?",
          "dialouge_num": 3,
          "quest": -1
        },
        {
          "phrase": "Bye.",
          "dialouge_num": -1,
          "quest": -1
        }
      ],
      "hand_num": -1,
      "amount": 0
    },
    {
      "phrase": "You can turn junk and seeds into compost, right here in this bucket!",
      "replies": [
        {
          "phrase": "Neato, I sure wish I had some junk!",
          "dialouge_num": 2,
          "quest": -1
        },
        {
          "phrase": "Don't care.",
          "dialouge_num": -1,
          "quest": -1
        }
      ],
      "hand_num": -1,
      "amount": 0
    },
    {
      "phrase": "Here, I have some junk in my pockets. Put it in the compost bucket!",
      "replies": [
        {
          "phrase": "Thanks!",
          "dialouge_num": -1,
          "quest": -1
        },
        {
          "phrase": "Do you need any help?",
          "dialouge_num": 3,
          "quest": -1
        }
      ],
      "hand_num": 0,
      "amount": 3
    },
    {
      "phrase": "Sure, get me some junk and I can help the other farmers grow some serious vegetables!",
      "replies": [
        {
          "phrase": "I can get you 20 junk for 50 coins.",
          "dialouge_num": 4,
          "quest": -1
        },
        {
          "phrase": "I don't think I can do that just yet, sorry.",
          "dialouge_num": -1,
          "quest": -1
        }
      ],
      "hand_num": -1,
      "amount": 0
    },
    {
      "phrase": "Great, you have 6 days.",
      "replies": [
        {
          "phrase": "Okay.",
          "dialouge_num": -1,
          "quest": {"name": "Junk for Meb", "goals": [{"class": "TalkingGoal", "npc_name": "Deb", "item_name": "Junk", "amount": 20}], "days": 6, "reward_item": 0, "reward_coins": 50}
        },
        {
          "phrase": "Never mind, bye.",
          "dialouge_num": -1,
          "quest": -1
        }
      ],
      "hand_num": -1,
      "amount": 0
    }
  ],
  "Rick": [
    {
      "phrase": "Howdy buddy, I'm Rick but people 'round here call me Cowboy Rick, I'm a strawberry farmer.",
      "replies": [
        {
          "phrase": "Hi Rick ... I mean Cowboy Rick ",
          "dialouge_num": 1,
          "quest": -1
        },
        {
          "phrase": "What do you know about the landlord? How do we keep Cloudy going?",
          "dialouge_num": 3,
          "quest": -1
        },
        {
          "phrase": "Where are all your strawberries?",
          "dialouge_num": 5,
          "quest": -1
        },
        {
          "phrase": "Bye Rick.",
          "dialouge_num": -1,
          "quest": -1
        }
      ],
      "hand_num": -1,
      "amount": 0
    },
    {
      "phrase": "Do you want a few strawberries?",
      "replies": [
        {
          "phrase": "Yes Please!",
          "dialouge_num": 2,
          "quest": -1
        },
        {
          "phrase": "No thanks.",
          "dialouge_num": -1,
          "quest": -1
        }
      ],
      "hand_num": -1,
      "amount": 0
    },
    {
      "phrase": "Here you go. be sure to water them with a sprinkler.",
      "replies": [
        {
          "phrase": "Thanks.",
          "dialouge_num": -1,
          "quest": -1
        }
      ],
      "hand_num": 0,
      "amount": 2
    },
    {
      "phrase": "Cloudy is a simple place. We try to farm and sell anything extra. That man knows we ain't got the ability to make that kind of money...",
      "replies": [
        {
          "phrase": "I can do it ",
          "dialouge_num": -1,
          "quest": -1
        }
      ],
      "hand_num": -1,
      "amount": 0
    },
    {
      "phrase": "I only got a few left, I had to sell a bunch at the market just to do my part in paying for cloudy meadows",
      "replies": [
        {
          "phrase": "Oh that sucks.",
          "dialouge_num": -1,
          "quest": -1
        },
        {
          "phrase": "Whats the market?",
          "dialouge_num": 5,
          "quest": -1
        },
        {
          "phrase": "Bye.",
          "dialouge_num": -1,
          "quest": -1
        }
      ],
      "hand_num": -1,
      "amount": 0
    },
    {
      "phrase": "If you take the bridge above meb and deb you'll be at the market, a place to sell and buy most things you'll need.",
      "replies": [
        {
          "phrase": "Oh thanks for the info.",
          "dialouge_num": -1,
          "quest": -1
        },
        {
          "phrase": "Bye.",
          "dialouge_num": -1,
          "quest": -1
        }
      ],
      "hand_num": -1,
      "amount": 0
    }
  ],
  "Meb": [
    {
      "phrase": "Hi, im Meb, I know she got the better name.",
      "replies": [
        {
          "phrase": "Hi Meb.",
          "dialouge_num": 1,
          "quest": -1
        },
        {
          "phrase": "Bye Meb.",
          "dialouge_num": -1,
          "quest":  -1
        }
      ],
      "hand_num": -1,
      "amount": 0
    },
    {
      "phrase": "Did you know placing compost on dirt helps create a grass tile which has rich soil ready for your hoe.",
      "replies": [
        {
          "phrase": "That's good.",
          "dialouge_num": -1,
          "quest": -1
        },
        {
          "phrase": "Why do the plots turn to dirt?",
          "dialouge_num": 2,
          "quest": -1
        },
        {
          "phrase": "Bye.",
          "dialouge_num": -1,
          "quest": -1
        }
      ],
      "hand_num": -1,
      "amount": 0
    },
    {
      "phrase": "Thats just what happens when you leave a plot open to the air for too long.",
      "replies": [
        {
          "phrase": "Oh ok.",
          "dialouge_num": -1,
          "quest": -1
        }
      ],
      "hand_num": -1,
      "amount": 0
    }
  ],
  "Mario": [
    {
      "phrase": "Hi, it's Mario, that's me",
      "replies": [
        {
          "phrase": "Hello, Mario.",
          "dialouge_num": 1,
          "quest": -1
        },
        {
          "phrase": "Bye.",
          "dialouge_num": -1,
          "quest": -1
        }
      ],
      "hand_num": -1,
      "amount": 0
    },
    {
      "phrase": "I may be the local plumber, but I don't take crap from anybody.",
      "replies": [
        {
          "phrase": "Good for you.",
          "dialouge_num": 2,
          "quest": -1
        },
        {
          "phrase": "Isn't that your job?",
          "dialouge_num": -1,
          "quest": -1
        },
        {
          "phrase": "Bye.",
          "dialouge_num": -1,
          "quest": -1
        }
      ],
      "hand_num": -1,
      "amount": 0
    },
    {
      "phrase": "Thanks, have a sprinkler!",
      "replies": [
        {
          "phrase": "Thank you.",
          "dialouge_num": -1,
          "quest": -1
        }
      ],
      "hand_num": 0,
      "amount": 1
    }
  ],
  "Garry": [
    {
      "phrase": "Hi, I'm Garry, and I'm very tired so please leave me alone.",
      "replies": [
        {
          "phrase": "Oh, okay bye.",
          "dialouge_num": -1,
          "quest": -1
        },
        {
          "phrase": "But why do you sleep so much?",
          "dialouge_num": 1,
          "quest": -1
        }
      ],
      "hand_num": -1,
      "amount": 0
    },
    {
      "phrase": "Cause I got nothing better to do since I don't know how to farm, so I just watch time pass me by, now leave me alone.",
      "replies": [
        {
          "phrase": "Fine.",
          "dialouge_num": -1,
          "quest": -1
        }
      ],
      "hand_num": -1,
      "amount": 0
    }
  ],
  "Mira": [
    {
      "phrase": "Hi, I'm Mira!",
      "replies": [
        {
          "phrase": "Hi Mira.",
          "dialouge_num": 1,
          "quest": -1
        },
        {
          "phrase": "Bye.",
          "dialouge_num": -1,
          "quest": -1
        }
      ],
      "hand_num": -1,
      "amount": 0
    },
    {
      "phrase": "I feel way over dressed",
      "replies": [
        {
          "phrase": "Why are you wearing that dress then?",
          "dialouge_num": 2,
          "quest": -1
        },
        {
          "phrase": "I dont care.",
          "dialouge_num": -1,
          "quest": -1
        }
      ],
      "hand_num": -1,
      "amount": 0
    },
    {
      "phrase": "Cause I rode that graceful air balloon over to the left",
      "replies": [
        {
          "phrase": "Oh that's nice.",
          "dialouge_num": 3,
          "quest": -1
        },
        {
          "phrase": "Bye.",
          "dialouge_num": -1,
          "quest": -1
        }
    ],
    "hand_num": -1,
    "amount": 0
  },
  {
      "phrase": "If you go try it, I'll give you a flower",
      "replies": [
        {
          "phrase": "Will do.",
          "dialouge_num": 4,
          "quest": -1
        },
        {
          "phrase": "No thanks.",
          "dialouge_num": -1,
          "quest": -1
        }
    ],
    "hand_num": -1,
    "amount": 0
  },
  {
      "phrase": "Ok but you gotta do it today!",
      "replies": [
        {
          "phrase": "Can do.",
          "dialouge_num": -1,
          "quest": {"name": "Ride the Air Ballon", "goals": [{"class": "LocationGoal", "level_name": "Poly Park: Air balloon landing"}], "days": 1, "reward_item": {"num": 11, "amount": 1}, "reward_coins": 0}
        },
        {
          "phrase": "No thanks.",
          "dialouge_num": -1,
          "quest": -1
        }
    ],
    "hand_num": -1,
    "amount": 0
  }
  ],
  "OldManJ": [
    {
      "phrase": "I Heard you're gonna try to save Cloudy Meadows. I may not be able to help much at my old age, but I'm here if you need any advice!",
      "replies": [
        {
          "phrase": "Please help!",
          "dialouge_num": 1,
          "quest": -1
        },
        {
          "phrase": "Bye.",
          "dialouge_num": -1,
          "quest": -1
        }
      ],
      "hand_num": -1,
      "amount": 0
    },
    {
      "phrase": "What do you want to know about?",
      "replies": [
        {
          "phrase": "How should I get started?",
          "dialouge_num": 2,
          "quest": -1
        },
        {
          "phrase": "Basic Farming.",
          "dialouge_num": 3,
          "quest": -1
        },
        {
          "phrase": "Eating.",
          "dialouge_num": 4,
          "quest": -1
        },
        {
          "phrase": "Watering.",
          "dialouge_num": 5,
          "quest": -1
        },
        {
          "phrase": "Robots?",
          "dialouge_num": 6,
          "quest": -1
        },
        {
          "phrase": "Bye",
          "dialouge_num": -1,
          "quest": -1
        }
      ],
      "hand_num": -1,
      "amount": 0
    },
    {
      "phrase": "Try eating some of that corn you have and plant the seeds. I also heard that the man west of your farm has some extra strawberries!",
      "replies": [
        {
          "phrase": "Thanks, can you help with something else?",
          "dialouge_num": 1,
          "quest": -1
        },
        {
          "phrase": "Thank you, bye.",
          "dialouge_num": -1,
          "quest": -1
        }
      ],
      "hand_num": -1,
      "amount": 0
    },
    {
      "phrase": "First seeds, you can get by buying them or eating crops. Then you grab a hoe to a patch of grass to till it. After you that plant the seeds and wait.",
      "replies": [
        {
          "phrase": "Thanks, can you help with something else?",
          "dialouge_num": 1,
          "quest": -1
        },
        {
          "phrase": "Thank you, bye.",
          "dialouge_num": -1,
          "quest": -1
        }
      ],
      "hand_num": -1,
      "amount": 0
    },
    {
      "phrase": "Press Q to eat food! You'll die if you go hungry, so make sure you've always got food on you.",
      "replies": [
        {
          "phrase": "Thanks, can you help with something else?",
          "dialouge_num": 1,
          "quest": -1
        },
        {
          "phrase": "Thank you, bye.",
          "dialouge_num": -1,
          "quest": -1
        }
      ],
      "hand_num": -1,
      "amount": 0
    },
    {
      "phrase": "Strawberries, Tomatoes, and Watermelons need water to grow properly. You buy sprinklers in the market. Then, stand on grass and press E.",
      "replies": [
        {
          "phrase": "Thanks, can you help with something else?",
          "dialouge_num": 1,
          "quest": -1
        },
        {
          "phrase": "Thank you, bye.",
          "dialouge_num": -1,
          "quest": -1
        }
      ],
      "hand_num": -1,
      "amount": 0
    },
    {
      "phrase": "I don't know much about farming robots, but I heard there is a big automated farm somewhere in the park. You can get there by airship.",
      "replies": [
        {
          "phrase": "Thanks, can you help with something else?",
          "dialouge_num": 1,
          "quest": -1
        },
        {
          "phrase": "Thank you, bye.",
          "dialouge_num": -1,
          "quest": -1
        }
      ],
      "hand_num": -1,
      "amount": 0
    }
  ],
  "Brandon": [
    {
      "phrase": "Hi, I'm Brandon.",
      "replies": [
        {
          "phrase": "Hi Brandon.",
          "dialouge_num": 1,
          "quest": -1
        },
        {
          "phrase": "Bye Brandon.",
          "dialouge_num": -1,
          "quest": -1
        }
      ],
      "hand_num": -1,
      "amount": 0
    },
    {
      "phrase": "I love ladybugs I have made so much more corn thanks to them, although they do leave after they eat all my grass.",
      "replies": [
        {
          "phrase": "Nice to know.",
          "dialouge_num": -1,
          "quest": -1
        },
        {
          "phrase": "Bye.",
          "dialouge_num": -1,
          "quest": -1
        }
      ],
      "hand_num": -1,
      "amount": 0
    }
  ],
  "Brent": [
    {
      "phrase": "Oh geez, man! Oh gosh so many coins, what if we lose Cloudy Meadows?!",
      "replies": [
        {
          "phrase": "Hey man, how's it going?",
          "dialouge_num": 1,
          "quest": -1
        },
        {
          "phrase": "Anything I can do to help?",
          "dialouge_num": 3,
          "quest": -1
        },
        {
          "phrase": "Bye...",
          "dialouge_num": -1,
          "quest": -1
        }
      ],
      "hand_num": -1,
      "amount": 0
    },
    {
      "phrase": "How does it look? Bad bad bad! Oh geez man, what am I gonna do?",
      "replies": [
        {
          "phrase": "You worried about Mr. C?",
          "dialouge_num": 2,
          "quest": -1
        },
        {
          "phrase": "I'm gonna let you cool off.",
          "dialouge_num": -1,
          "quest": -1
        }
      ],
      "hand_num": -1,
      "amount": 0
    },
    {
      "phrase": "Yeah man, I am full on freaking out!",
      "replies": [
        {
          "phrase": "Any way I can help?",
          "dialouge_num": 3,
          "quest": -1
        },
        {
          "phrase": "Sorry bro, good luck.",
          "dialouge_num": -1,
          "quest": -1
        }
      ],
      "hand_num": -1,
      "amount": 0
    },
    {
      "phrase": "Go to Poly Park and tell my mom that I might need a place to stay.",
      "replies": [
        {
          "phrase": "You Got it Brent!",
          "dialouge_num": 4,
          "quest": -1
        },
        {
          "phrase": "I don't know where that is.",
          "dialouge_num": 5,
          "quest": -1
        },
        {
          "phrase": "I can't help right now, sorry.",
          "dialouge_num": -1,
          "quest": -1
        }
      ],
      "hand_num": -1,
      "amount": 0
    },
    {
      "phrase": "Thanks, my mom will know what to do, she is my superhero.",
      "replies": [
        {
          "phrase": "You Got it Brent!",
          "dialouge_num": -1,
          "quest": {"name": "Save Brent", "goals": [{"class": "TalkingGoal", "npc_name": "Super Tina", "item_name": 0, "amount": 0}], "days": 0, "reward_item": {"num": 4, "amount": 5}, "reward_coins": 0}
        }
      ],
      "hand_num": -1,
      "amount": 0
    },
    {
      "phrase": "You might want to take the airship head left for awhile you can't miss it",
      "replies": [
        {
          "phrase": "Okay.",
          "dialouge_num": 6,
          "quest": -1
        }
      ],
      "hand_num": -1,
      "amount": 0
    },
    {
      "phrase": "So do you think you can help me?",
      "replies": [
        {
          "phrase": "You Got it Brent!",
          "dialouge_num": 4,
          "quest": -1
        },
        {
          "phrase": "I can't help right now, sorry.",
          "dialouge_num": -1,
          "quest": -1
        }
      ],
      "hand_num": -1,
      "amount": 0
    }
  ],
  "BlindPete": [
    {
      "phrase": "Hi, im Blind Pete",
      "replies": [
        {
          "phrase": "Hi, Blind Pete",
          "dialouge_num": 1,
          "quest": -1
        },
        {
          "phrase": "Bye",
          "dialouge_num": -1,
          "quest": -1
        }
      ],
      "hand_num": -1,
      "amount": 0
    },
    {
      "phrase": "Can you move the rock that sits at the market, I keep running into it",
      "replies": [
        {
          "phrase": "When I have enough money, Sure.",
          "dialouge_num": 3,
          "quest": -1
        },
        {
          "phrase": "Why is the rock there?",
          "dialouge_num": 2,
          "quest": -1
        },
        {
          "phrase": "Bye.",
          "dialouge_num": -1,
          "quest": -1
        }
      ],
      "hand_num": -1,
      "amount": 0
    },
    {
      "phrase": "Idk how it got there but i've heard there are some really big grass plots over there",
      "replies": [
        {
          "phrase": "Oh now I want to move it.",
          "dialouge_num": 3,
          "quest": -1
        },
        {
          "phrase": "Bye.",
          "dialouge_num": -1,
          "quest": -1
        }
      ],
      "hand_num": -1,
      "amount": 0
    },
    {
      "phrase": "Okay take your time.",
      "replies": [
        {
          "phrase": "Ok will do.",
          "dialouge_num": -1,
          "quest": {"name": "Move That Rock", "goals": [{"class": "OneTileCheck", "tile_name": "Bridge", "level_name": "Cloudy Meadows: Market", "x": 22, "y": 8}], "days": 0, "reward_item": 0, "reward_coins": 500}
        },
        {
          "phrase": "No thanks.",
          "dialouge_num": -1,
          "quest": -1
        }
      ],
      "hand_num": -1,
      "amount": 0
    }
  ],
  "James": [
    {
      "phrase": "Hi, im James.",
      "replies": [
        {
          "phrase": "Hi James.",
          "dialouge_num": 1,
          "quest": -1
        },
        {
          "phrase": "Bye.",
          "dialouge_num": -1,
          "quest": -1
        }
      ],
      "hand_num": -1,
      "amount": 0
    },
    {
      "phrase": "The red cart on the bottom is where we put anything we want to sell.",
      "replies": [
        {
          "phrase": "Tell me more about the market please.",
          "dialouge_num": 2,
          "quest": -1
        },
        {
          "phrase": "I already know that James.",
          "dialouge_num": -1,
          "quest": -1
        },
        {
          "phrase": "Bye.",
          "dialouge_num": -1,
          "quest": -1
        }
      ],
      "hand_num": -1,
      "amount": 0
    },
 
    {
      "phrase": "There are carts for vegetables fruits and insects, they run out of stock but they'll fill back up every day or so.",
      "replies": [
        {
          "phrase": "Thanks, that was super helpful James.",
          "dialouge_num": -1,
          "quest": -1
        },
        {
          "phrase": "I already know that James.",
          "dialouge_num": -1,
          "quest": -1
        },
        {
          "phrase": "Bye.",
          "dialouge_num": -1,
          "quest": -1
        }
      ],
      "hand_num": -1,
      "amount": 0
    }
  ],
  "Liam": [
    {
      "phrase": "Hi, I'm Liam",
      "replies": [
        {
          "phrase": "Hi Liam, anything I can do to help?",
          "dialouge_num": 1,
          "quest": -1
        },
        {
          "phrase": "Bye.",
          "dialouge_num": -1,
          "quest": -1
        }
      ],
      "hand_num": -1,
      "amount": 0
    },
    {
      "phrase": "I love James, can you give him this love letter for me?",
      "replies": [
        {
          "phrase": "Yeah I can do that!",
          "dialouge_num": 2,
          "quest": -1
        },
        {
          "phrase": "What do I look like, your love letter collector? I have other things to do.",
          "dialouge_num": -1,
          "quest": -1
        },
        {
          "phrase": "No sorry I can't do that right now.",
          "dialouge_num": -1,
          "quest": -1
        }
      ],
      "hand_num": -1,
      "amount": 0
    },
    {
      "phrase": "I love James, thanks.",
      "replies": [
        {
          "phrase": ":)",
          "dialouge_num": 4,
          "quest": -1
        },
        {
          "phrase": "Where is James?",
          "dialouge_num": 3,
          "quest": -1
        }
      ],
      "hand_num": -1,
      "amount": 0
    },
    {
      "phrase": "James likes to hang out in the market. Blonde hair, hot bod can't miss him",
      "replies": [
        {
          "phrase": ":)",
          "dialouge_num": 4,
          "quest": -1
        },
        {
          "phrase": "Uh okay.",
          "dialouge_num": -1,
          "quest": -1
        }
      ],
      "hand_num": -1,
      "amount": 0
    },
    {
      "phrase": "Ok but please deliver it today.",
      "replies": [
        {
          "phrase": "Will do.",
          "dialouge_num": -1,
          "quest": {"name": "Love letter Delivery", "goals": [{"class": "TalkingGoal", "npc_name": "James", "item_name": 0, "amount": 0}], "days": 1, "reward_item": {"num": 10, "amount": 1}, "reward_coins": 0}
        }
      ],
      "hand_num": -1,
      "amount": 0
    }
  ],
  "Zoda": [
    {
      "phrase": "Hi, I’m Zoda, I’d call myself a robot expert. Need to know anything?",
      "replies": [
        {
          "phrase": "Yeah",
          "dialouge_num": 1,
          "quest": -1
        },
        {
          "phrase": "No",
          "dialouge_num": -1,
          "quest": -1
        }
      ],
      "hand_num": -1,
      "amount": 0
    },
    {
      "phrase": "Well what do you wanna know about?",
      "replies": [
        {
          "phrase": "How to start?",
          "dialouge_num": 2,
          "quest": -1
        },
        {
          "phrase": "Robot levels",
          "dialouge_num": 3,
          "quest": -1
        },
        {
          "phrase": "Robot Fuel",
          "dialouge_num": 4,
          "quest": -1
        },
        {
          "phrase": "Are they worth it?",
          "dialouge_num": 4,
          "quest": -1
        },
        {
          "phrase": "What does the color of the floppy mean?",
          "dialouge_num": 5,
          "quest": -1
        },
        {
          "phrase": "What’s the pc for?",
          "dialouge_num": 6,
          "quest": -1
        },
        {
          "phrase": "How do I make them farm?",
          "dialouge_num": 7,
          "quest": -1
        },
        {
          "phrase": "Nevermind, bye",
          "dialouge_num": -1,
          "quest": -1
        }
      ],
      "hand_num": -1,
      "amount": 0
    },
    {
      "phrase": "Well you need a robot of your own, I can give you one of my favorite robots if you do a couple things for me, I'll give you a lvl 1 robot.",
      "replies": [
        {
          "phrase": "You got a deal",
          "dialouge_num": 9,
          "quest": -1
        },
        {
          "phrase": "WHA why is a lvl 1 your favorite?",
          "dialouge_num": 8,
          "quest": -1
        },
        {
          "phrase": "Wait one more thing",
          "dialouge_num": 1,
          "quest": -1
        },
        {
          "phrase": "Ok thanks",
          "dialouge_num": -1,
          "quest": -1
        }
      ],
      "hand_num": -1,
      "amount": 0
    },
    {
      "phrase": "Robots come in 3 levels, lvl 1 has the smallest inv and instruction space, then each level just adds space to both.",
      "replies": [
        {
          "phrase": "Wait one more thing",
          "dialouge_num": 1,
          "quest": -1
        },
        {
          "phrase": "Ok thanks",
          "dialouge_num": -1,
          "quest": -1
        }
      ],
      "hand_num": -1,
      "amount": 0
    },
    {
      "phrase": "Lvl1 recharges with Veggie Oil that you get from a press, Lvl2 recharges when standing on a sprinkler, Lvl3 runs off sunlight",
      "replies": [
        {
          "phrase": "Wait one more thing",
          "dialouge_num": 1,
          "quest": -1
        },
        {
          "phrase": "Ok thanks",
          "dialouge_num": -1,
          "quest": -1
        }
      ],
      "hand_num": -1,
      "amount": 0
    },
    {
      "phrase": "Well can't you see my entire farm runs off of robots?",
      "replies": [
        {
          "phrase": "Wait one more thing",
          "dialouge_num": 1,
          "quest": -1
        },
        {
          "phrase": "Ok thanks",
          "dialouge_num": -1,
          "quest": -1
        }
      ],
      "hand_num": -1,
      "amount": 0
    },
    {
      "phrase": "Red Floppys are for movement based commands, Blue Floppys are for item based commands, and Green Floppys are for logic based commands.",
      "replies": [
        {
          "phrase": "Wait one more thing",
          "dialouge_num": 1,
          "quest": -1
        },
        {
          "phrase": "Ok thanks",
          "dialouge_num": -1,
          "quest": -1
        }
      ],
      "hand_num": -1,
      "amount": 0
    },
    {
      "phrase": "The pc will program a few floppy disks into one golden floppy disk, all you gotta do is put a gold floppy in the pc and add what you want.",
      "replies": [
        {
          "phrase": "Wait one more thing",
          "dialouge_num": 1,
          "quest": -1
        },
        {
          "phrase": "Ok thanks",
          "dialouge_num": -1,
          "quest": -1
        }
      ],
      "hand_num": -1,
      "amount": 0
    },
    {
      "phrase": "The easiest way to learn how to program them would be to just go look at my robots, They range from simple hoeing, to complex farming systems.",
      "replies": [
        {
          "phrase": "Wait one more thing",
          "dialouge_num": 1,
          "quest": -1
        },
        {
          "phrase": "Ok thanks",
          "dialouge_num": -1,
          "quest": -1
        }
      ],
      "hand_num": -1,
      "amount": 0
    },
    {
      "phrase": "Oh just cause its orange :p",
      "replies": [
        {
          "phrase": "Oh ok",
          "dialouge_num": -1,
          "quest": -1
        }
      ],
      "hand_num": -1,
      "amount": 0
    },
    {
      "phrase" : "Ok you have 3 days",
      "replies": [
        {
          "phrase": "You got it!",
          "dialouge_num": -1,
          "quest": {"name": "Free Robot", "goals": [{"class": "TalkingGoal", "npc_name": "Zoda", "item_name": "Strawberries", "amount": 20}], "days": 3, "reward_item": {"num": 27, "amount": 1}, "reward_coins": 0}
        },
        {
          "phrase": "Actually never mind",
          "dialouge_num": -1,
          "quest": -1
        }
      ],
      "hand_num": -1,
      "amount": 0
    }
  ],
  "Super Tina": [
    {
      "phrase": "Hi, im SUUUUPER Tina",
      "replies": [
        {
          "phrase": "Hi, Supper Tina",
          "dialouge_num": 1,
          "quest": -1
        },
        {
          "phrase": "Cloud meadows could use a super heros help right now",
          "dialouge_num": 2,
          "quest": -1
        },
        {
          "phrase": "Bye",
          "dialouge_num": -1,
          "quest": -1
        }
      ],
      "hand_num": -1,
      "amount": 0
    },
    {
      "phrase": "Well, let me know if I can help you.",
      "replies": [
        {
          "phrase": "Actually yes I need help.",
          "dialouge_num": 2,
          "quest": -1
        },
        {
          "phrase": "I don't need help right now super tina.",
          "dialouge_num": -1,
          "quest": -1
        }
      ],
      "hand_num": -1,
      "amount": 0
    },
    {
      "phrase": "I’ve been told that ladybugs increase how much product your crops produce, but the effect doesn't cross bridges.",
      "replies": [
        {
          "phrase": "Thanks for the info.",
          "dialouge_num": -1,
          "quest": -1
        },
        {
          "phrase": "That wasn't helpful.",
          "dialouge_num": -1,
          "quest": -1
        }
      ],
      "hand_num": -1,
      "amount": 0
    }
  ],
  "Guy": [
    {
      "phrase": "These here part sure are nice ",
      "replies": [
        {
          "phrase": "Cool man",
          "dialouge_num": 1,
          "quest": -1
        },
        {
          "phrase": "yea whatever",
          "dialouge_num": -1,
          "quest": -1
        }
      ],
      "hand_num": -1,
      "amount": 0
    },    {
      "phrase": "These here part sure are nice Buy all the seeds you want ",
      "replies": [
        {
          "phrase": "Why can't I sell anything",
          "dialouge_num": 2,
          "quest": -1
        },
        {
          "phrase": "yea whatever",
          "dialouge_num": -1,
          "quest": -1
        }
      ],
      "hand_num": -1,
      "amount": 0
    },
    {
      "phrase": "Well I guess I just have everything a GUY could need",
      "replies": [
        {
          "phrase": "yea whatever",
          "dialouge_num": -1,
          "quest": -1
        }
      ],
      "hand_num": -1,
      "amount": 0
    }
  ],
  "Vinny": [
    {
      "phrase": "Mind your own business kid",
      "replies": [
        {
          "phrase": "Hey man cool off",
          "dialouge_num": 1,
          "quest": -1
        },
        {
          "phrase": "You got it sir",
          "dialouge_num": -1,
          "quest": -1
        },
        {
          "phrase": "...Whats this?",
          "dialouge_num": 2,
          "quest": -1
        }
      ],
      "hand_num": -1,
      "amount": 0
    },
    {
      "phrase": "Do you want to have an issue with me kid",
      "replies": [
        {
          "phrase": "No sir sorry sir",
          "dialouge_num": -1,
          "quest": -1
        }
      ],
      "hand_num": -1,
      "amount": 0
    },
    {
      "phrase": "It’s my own personal market, now buy something or get lost!",
      "replies": [
        {
          "phrase": "Ok ok ok",
          "dialouge_num": -1,
          "quest": -1
        }
      ],
      "hand_num": -1,
      "amount": 0
    }
  ],
  "Kenny": [
    {
      "phrase": "Hi, im Kenny I am just hanging in the swamp I don't live here",
      "replies": [
        {
          "phrase": "Hi, Kenny",
          "dialouge_num": 1,
          "quest": -1
        },
        {
          "phrase": "Bye",
          "dialouge_num": -1,
          "quest": -1
        }
      ],
      "hand_num": -1,
      "amount": 0
    },
    {
      "phrase": "Fireflies make it really easy to see what is happening in the swamp",
      "replies": [
        {
          "phrase": "Oh that's what they are.",
          "dialouge_num": 2,
          "quest": -1
        },
        {
          "phrase": "Oh ok bye .",
          "dialouge_num": -1,
          "quest": -1
        }
      ],
      "hand_num": -1,
      "amount": 0
    },
    {
      "phrase": "Yep to be honest there is not much to do in the swamp, any reason your here?",
      "replies": [
        {
          "phrase": "No not really",
          "dialouge_num": -1,
          "quest": -1
        },
        {
          "phrase": "Oh ok bye .",
          "dialouge_num": -1,
          "quest": -1
        }
      ],
      "hand_num": -1,
      "amount": 0
    }
  ],
  "Ishmil": [
    {
      "phrase": "Hi, I'm Ishmil",
      "replies": [
        {
          "phrase": "Hi, Ishmil",
          "dialouge_num": 1,
          "quest": -1
        },
        {
          "phrase": "Geez man your naked?",
          "dialouge_num": 1,
          "quest": -1
        },
        {
          "phrase": "ew bye ",
          "dialouge_num": -1,
          "quest": -1
        }
      ],
      "hand_num": -1,
      "amount": 0
    },
    {
      "phrase": "Yea I don't like pants man their prisons for your body ",
      "replies": [
        {
          "phrase": "That's cool",
          "dialouge_num": 2,
          "quest": -1
        },
        {
          "phrase": "that's a bit weird but I can respect it",
          "dialouge_num": 2,
          "quest": -1
        },
        {
          "phrase": "I can see your penis, yea no Bye.",
          "dialouge_num": -1,
          "quest": -1
        }
      ],
      "hand_num": -1,
      "amount": 0
    },
    {
      "phrase": "I only have one piece of clothing left I'll give it to you if you help me out",
      "replies": [
        {
          "phrase": "Consider it done",
          "dialouge_num": 2,
          "quest": -1
         
        },
        {
          "phrase": "what do you need done",
          "dialouge_num": 3,
          "quest": -1
        },
        {
          "phrase": "My mom always said not to talk to naked strangers bye",
          "dialouge_num": -1,
          "quest": -1
        }
      ],
      "hand_num": -1,
      "amount": 0
    },
    {
      "phrase": "I really need a veggie press",
      "replies": [
        {
          "phrase": "Consider it done",
          "dialouge_num": -1,
          "quest": {"name": "veggie press for Ishmil", "goals": [{"class": "TalkingGoal", "npc_name": "Ishmil", "item_name": "Veggie Press", "amount": 1}], "days": 10, "reward_item": {"num": 33, "amount": 1}, "reward_coins": 0}
         
        },
        {
          "phrase": "maybe another time",
          "dialouge_num": -1,
          "quest": -1
        }
      ],
      "hand_num": -1,
      "amount": 0
    }
  ],
  "David": [
    {
      "phrase": "Hi, im David",
      "replies": [
        {
          "phrase": "Hi, David",
          "dialouge_num": 1,
          "quest": -1
        },
        {
          "phrase": "Bye",
          "dialouge_num": -1,
          "quest": -1
        }
      ],
      "hand_num": -1,
      "amount": 0
    },
    {
      "phrase": "If you look really closely you can see frogs jumping around, for some reason nobody ever steps on them",
      "replies": [
        {
          "phrase": "Ouu.",
          "dialouge_num": -1,
          "quest": -1
        },
        {
          "phrase": "Bye.",
          "dialouge_num": -1,
          "quest": -1
        }
      ],
      "hand_num": -1,
      "amount": 0
    }
  ],
  "Adam": [
    {
      "phrase": "I'm already late for my business appointment, I guess the restaurant to the left will do, they sell big plates of food",
      "replies": [
        {
          "phrase": "A big plate of food sounds really good.",
          "dialouge_num": -1,
          "quest": -1
        }
      ],
      "hand_num": -1,
      "amount": 0
    }
  ],
  "Barry": [
    {
      "phrase": "Hi, I'm Barry",
      "replies": [
        {
          "phrase": "Hi Barry.",
          "dialouge_num": 1,
          "quest": -1
        },
        {
          "phrase": "Bye.",
          "dialouge_num": -1,
          "quest": -1
        }
      ],
      "hand_num": -1,
      "amount": 0
    },
    {
      "phrase": "I can't wait for the skate park to be done",
      "replies": [
        {
          "phrase": "Me too.",
          "dialouge_num": 2,
          "quest": -1
        },
        {
          "phrase": "Bye.",
          "dialouge_num": -1,
          "quest": -1
        }
      ],
      "hand_num": -1,
      "amount": 0
    },
        {
      "phrase": "Man I am hungry I have had like 8 hotdogs today",
      "replies": [
        {
          "phrase": "Ew that can't be healthy",
          "dialouge_num": 3,
          "quest": -1
        },
        {
          "phrase": "good luck with that.",
          "dialouge_num": -1,
          "quest": -1
        }
      ],
      "hand_num": -1,
      "amount": 0
    },
        {
      "phrase": "Yea thank god for socialized medicine ",
      "replies": [
        {
          "phrase": "amen to that brother",
          "dialouge_num": -1,
          "quest": -1
        },
        {
          "phrase": "There is no god :(.",
          "dialouge_num": -1,
          "quest": -1
        }
      ],
      "hand_num": -1,
      "amount": 0
    }
  ],
  "Mr.C": [
    {
      "phrase": "I'm gonna buy this place and make all the buildings even taller, so yall better move out my way!",
      "replies": [
        {
          "phrase": "How much are you buying it for?",
          "dialouge_num": 1,
          "quest": -1
        }
      ],
      "hand_num": -1,
      "amount": 0
    },
    {
      "phrase": "It's gonna cost me 1,000$ and there is no way you people are gonna be able to make that much! Not even in 100 days.",
      "replies": [
        {
          "phrase": "You'll see.",
          "dialouge_num": -1,
          "quest": -1
        }
      ],
      "hand_num": -1,
      "amount": 0
    },
    {
      "phrase": "I really don't even care you guys are losers",
      "replies": [
        {
          "phrase": "Sure.",
          "dialouge_num": -1,
          "quest": -1
        }
      ],
      "hand_num": -1,
      "amount": 0
    },
    {
      "phrase": "Y'all better start packing cause imma come wrecking",
      "replies": [
        {
          "phrase": "*sigh*",
          "dialouge_num": -1,
          "quest": -1
        }
      ],
      "hand_num": -1,
      "amount": 0
    }
  ]
}
 

