{
  "Deb": [
    {
      "phrase": "Hi, I'm Deb. I make the compost around these parts with my sister. Did you know you can turn junk and seeds into compost, right here in this bucket?",
      "replies": [
        {
          "phrase": "No, I didn't know that!",
          "dialouge_num": 1,
          "quest": -1
        },
        {
          "phrase": "Do you need any help?",
          "dialouge_num": 3,
          "quest": -1
        },
        {
          "phrase": "Bye.",
          "dialouge_num": -1,
          "quest": -1
        }
      ],
      "hand_num": -1, 
      "amount": 0
    },
    {
      "phrase": "Placing compost on dirt helps create a grass tile which has rich soil ready for your hoe.",
      "replies": [
        {
          "phrase": "Neato, I sure wish I had some compost!",
          "dialouge_num": 2,
          "quest": -1
        },
        {
          "phrase": "Don't care.",
          "dialouge_num": -1,
          "quest": -1
        }
      ],
      "hand_num": -1, 
      "amount": 0
    },
    {
      "phrase": "Here, I have some junk in my pockets. Put it in the compost bucket!",
      "replies": [
        {
          "phrase": "Thanks!",
          "dialouge_num": -1,
          "quest": -1
        },
        {
          "phrase": "Do you need any help?",
          "dialouge_num": 3,
          "quest": -1
        }
      ],
      "hand_num": 0, 
      "amount": 3
    }, 
    {
      "phrase": "Sure, get me some junk and I can help the other farmers grow some serious vegetables!",
      "replies": [
        {
          "phrase": "I can get you 20 junk for 50 coins.",
          "dialouge_num": 4,
          "quest": -1
        },
        {
          "phrase": "I don't think I can do that just yet, sorry.",
          "dialouge_num": -1,
          "quest": -1
        }
      ],
      "hand_num": -1, 
      "amount": 0
    },
    {
      "phrase": "Great, you have 6 days.",
      "replies": [
        {
          "phrase": "Okay.",
          "dialouge_num": -1,
          "quest": {"name": "Junk for Meb", "goals": [{"class": "TalkingGoal", "npc_name": "Deb", "item_name": "Junk", "amount": 20}], "days": 6, "reward_item": 0, "reward_coins": 50}
        },
        {
          "phrase": "Nevermind, bye.",
          "dialouge_num": -1,
          "quest": -1
        }
      ],
      "hand_num": -1, 
      "amount": 0
    }
  ],
  "Rick": [
    {
      "phrase": "Howdy buddy, I'm Rick but people 'round here call me Cowboy Rick",
      "replies": [
        {
          "phrase": "Hi Rick ... I mean Cowboy Rick ",
          "dialouge_num": 1,
          "quest": -1
        },
        {
          "phrase": "What do you know about the land lord? How do we keep Cloudy going?",
          "dialouge_num": 3,
          "quest": -1
        }
        ,
        {
          "phrase": "Bye Rick.",
          "dialouge_num": -1,
          "quest": -1
        }
      ],
      "hand_num": -1, 
      "amount": 0
    },
    {
      "phrase": "Do you want some strawberries?",
      "replies": [
        {
          "phrase": "Yes Please!",
          "dialouge_num": 2,
          "quest": -1
        },
        {
          "phrase": "No thanks.",
          "dialouge_num": -1,
          "quest": -1
        }
      ],
      "hand_num": -1, 
      "amount": 0
    },
    {
      "phrase": "Here you go. be sure to water them with a sprinkler.",
      "replies": [
        {
          "phrase": "Thanks.",
          "dialouge_num": -1,
          "quest": -1
        }
      ],
      "hand_num": 0,
      "amount": 2
    },
    {
      "phrase": "Cloudy is a simple place. We try to make food for ourselves and sell anything else. That man knows we ain't got the ability to make that kind of money...",
      "replies": [
        {
          "phrase": "So should we just give up?",
          "dialouge_num": 4,
          "quest": -1
        },
        {
          "phrase": "Well, let me know if I can help.",
          "dialouge_num": 4,
          "quest": -1
        },
        {
          "phrase": "Dang...",
          "dialouge_num": -1,
          "quest": -1
        }
      ],
      "hand_num": -1,
      "amount": 0
    },
    {
      "phrase": "I'll tell you what, if you fill my farm with strawberries I'll give you all the money I got on me.",
      "replies": [
        {
          "phrase": "You got it!",
          "dialouge_num": -1,
          "quest": -1
        },
        {
          "phrase": "Bye.",
          "dialouge_num": -1,
          "quest": -1
        }
      ],
      "hand_num": -1, 
      "amount": 0
    }
  ],
  "Meb": [
    {
      "phrase": "Hi, im Meb, I know she got the better name.",
      "replies": [
        {
          "phrase": "Hi Meb.",
          "dialouge_num": 1,
          "quest": -1
        },
        {
          "phrase": "Bye Meb.",
          "dialouge_num": -1,
          "quest":  -1
        }
      ],
      "hand_num": -1, 
      "amount": 0
    },
    {
      "phrase": "Hi...",
      "replies": [
        {
          "phrase": "Bye.",
          "dialouge_num": -1,
          "quest": -1
        }
      ],
      "hand_num": -1, 
      "amount": 0
    }
  ],
  "Mario": [
    {
      "phrase": "Hi, it's Mario, that's me",
      "replies": [
        {
          "phrase": "Hello, Mario.",
          "dialouge_num": 1,
          "quest": -1
        },
        {
          "phrase": "Bye.",
          "dialouge_num": -1,
          "quest": -1
        }
      ],
      "hand_num": -1, 
      "amount": 0
    },
    {
      "phrase": "I may be the local plumber, but I don't take crap from anybody.",
      "replies": [
        {
          "phrase": "Good for you.",
          "dialouge_num": 2,
          "quest": -1
        },
        {
          "phrase": "Isn't that your job?",
          "dialouge_num": -1,
          "quest": -1
        },
        {
          "phrase": "Bye.",
          "dialouge_num": -1,
          "quest": -1
        }
      ],
      "hand_num": -1, 
      "amount": 0
    },
    {
      "phrase": "Thanks, have a sprinkler!",
      "replies": [
        {
          "phrase": "Thank you.",
          "dialouge_num": -1,
          "quest": -1
        }
      ],
      "hand_num": 0, 
      "amount": 1
    }
  ],
  "Garry": [
    {
      "phrase": "Hi, I'm Garry, and I'm very tired so please leave me alone.",
      "replies": [
        {
          "phrase": "Oh, okay bye.",
          "dialouge_num": -1,
          "quest": -1
        }
      ],
      "hand_num": -1, 
      "amount": 0
    }
  ],
  "Mira": [
    {
      "phrase": "Hi, I'm Mira!",
      "replies": [
        {
          "phrase": "Hi Mira.",
          "dialouge_num": 1,
          "quest": -1
        },
        {
          "phrase": "Bye.",
          "dialouge_num": -1,
          "quest": -1
        }
      ],
      "hand_num": -1, 
      "amount": 0
    },
    {
      "phrase": "I feel way over dressed",
      "replies": [
        {
          "phrase": "Why are you wearing that dress then?",
          "dialouge_num": 2,
          "quest": -1
        },
        {
          "phrase": "I dont care.",
          "dialouge_num": -1,
          "quest": -1
        }
      ],
      "hand_num": -1, 
      "amount": 0
    },
    { 
      "phrase": "Cause I rode that graceful air ballon over to the left",
      "replies": [
        {
          "phrase": "Oh thats nice.",
          "dialouge_num": -1,
          "quest": -1
        },
        {
          "phrase": "Bye.",
          "dialouge_num": -1,
          "quest": -1
        }
    ],
    "hand_num": -1,
    "amount": 0
  }
  ],
  "OldManJ": [
    {
      "phrase": "I Heard you're gonna try to save Cloudy Meadows by farming and helping folks out. I may not be able to help much at my old age, but I'm here if you need any advice!",
      "replies": [
        {
          "phrase": "Please help!",
          "dialouge_num": 1,
          "quest": -1
        },
        {
          "phrase": "Bye.",
          "dialouge_num": -1,
          "quest": -1
        }
      ],
      "hand_num": -1, 
      "amount": 0
    },
    {
      "phrase": "What do you want to know about?",
      "replies": [
        {
          "phrase": "How should I get started?",
          "dialouge_num": 2,
          "quest": -1
        },
        {
          "phrase": "Basic Farming.",
          "dialouge_num": 3,
          "quest": -1
        },
        {
          "phrase": "Eating.",
          "dialouge_num": 4,
          "quest": -1
        },
        {
          "phrase": "Watering.",
          "dialouge_num": 5,
          "quest": -1
        },
        {
          "phrase": "Selling.",
          "dialouge_num": 6,
          "quest": -1
        },
        {
          "phrase": "Compost.",
          "dialouge_num": 7,
          "quest": -1
        },
        {
          "phrase": "Sleeping.",
          "dialouge_num": 8,
          "quest": -1
        },
        {
          "phrase": "Quests.",
          "dialouge_num": 9,
          "quest": -1
        },
        {
          "phrase": "Robots.",
          "dialouge_num": 10,
          "quest": -1
        },
        {
          "phrase": "Bye",
          "dialouge_num": -1,
          "quest": -1
        }
      ],
      "hand_num": -1, 
      "amount": 0
    },
    {
      "phrase": "Try eating some of that corn you have and plant the seeds. I also heard that the man west of your farm has some extra strawberries!",
      "replies": [
        {
          "phrase": "Thanks, can you help with something else?",
          "dialouge_num": 1,
          "quest": -1
        },
        {
          "phrase": "Thank you, bye.",
          "dialouge_num": -1,
          "quest": -1
        }
      ],
      "hand_num": -1, 
      "amount": 0
    },
    {
      "phrase": "Obviously you'll need seeds first, which you can get by either buying them or eating crops or a fancy grinder. Then you can take your hoe to a suitable piece of land and till it. After you do that just plant the seeds and wait, and you'll have healthy crops in no time!",
      "replies": [
        {
          "phrase": "Thanks, can you help with something else?",
          "dialouge_num": 1,
          "quest": -1
        },
        {
          "phrase": "Thank you, bye.",
          "dialouge_num": -1,
          "quest": -1
        }
      ],
      "hand_num": -1, 
      "amount": 0
    },
    {
      "phrase": "Press Q to eat food! You'll die if you go hungry, so make sure you've always got food on you if you can.",
      "replies": [
        {
          "phrase": "Thanks, can you help with something else?",
          "dialouge_num": 1,
          "quest": -1
        },
        {
          "phrase": "Thank you, bye.",
          "dialouge_num": -1,
          "quest": -1
        }
      ],
      "hand_num": -1, 
      "amount": 0
    },
    {
      "phrase": "Strawberries, Tomatoes, and Watermelons need water to grow properly. You can buy sprinklers from the market which will water the crops in a small circle around it. To place one, stand on grass and press E.",
      "replies": [
        {
          "phrase": "Thanks, can you help with something else?",
          "dialouge_num": 1,
          "quest": -1
        },
        {
          "phrase": "Thank you, bye.",
          "dialouge_num": -1,
          "quest": -1
        }
      ],
      "hand_num": -1, 
      "amount": 0
    },
    {
      "phrase": "Once you've grown some crops, take them to the cart at the market north from here to sell them. Be careful not to sell too much though; you've got to feed yourself too!",
      "replies": [
        {
          "phrase": "Thanks, can you help with something else?",
          "dialouge_num": 1,
          "quest": -1
        },
        {
          "phrase": "Thank you, bye.",
          "dialouge_num": -1,
          "quest": -1
        }
      ],
      "hand_num": -1, 
      "amount": 0
    },
    {
      "phrase": "If you don't farm on tilled land for too long, it'll go back to being simple dirt. You can make dirt patches useful again with compost, though! The Deb and Meb up there can help you learn more.",
      "replies": [
        {
          "phrase": "Thanks, can you help with something else?",
          "dialouge_num": 1,
          "quest": -1
        },
        {
          "phrase": "Thank you, bye.",
          "dialouge_num": -1,
          "quest": -1
        }
      ],
      "hand_num": -1, 
      "amount": 0
    },
    {
      "phrase": "If you need rest and want your crops to grow right now, you could always sleep in your bed. This will cause time to pass faster if you don't have anything else to do.",
      "replies": [
        {
          "phrase": "Thanks, can you help with something else?",
          "dialouge_num": 1,
          "quest": -1
        },
        {
          "phrase": "Thank you, bye.",
          "dialouge_num": -1,
          "quest": -1
        }
      ],
      "hand_num": -1, 
      "amount": 0
    },
    {
      "phrase": "The people of Cloudy could always use some help. Talk to people and see what they need, you may be rewarded quite well!",
      "replies": [
        {
          "phrase": "Thanks, can you help with something else?",
          "dialouge_num": 1,
          "quest": -1
        },
        {
          "phrase": "Thank you, bye.",
          "dialouge_num": -1,
          "quest": -1
        }
      ],
      "hand_num": -1, 
      "amount": 0
    },
    {
      "phrase": "I don't know much about farming robots, but I heard there is a big automated farm somewhere in the park. You can get there by airship.",
      "replies": [
        {
          "phrase": "Thanks, can you help with something else?",
          "dialouge_num": 1,
          "quest": -1
        },
        {
          "phrase": "Thank you, bye.",
          "dialouge_num": -1,
          "quest": -1
        }
      ],
      "hand_num": -1, 
      "amount": 0
    }
  ],
  "Brandon": [
    {
      "phrase": "Hi, I'm Brandon.",
      "replies": [
        {
          "phrase": "Hi Brandon.",
          "dialouge_num": 1,
          "quest": -1
        },
        {
          "phrase": "Bye Brandon.",
          "dialouge_num": -1,
          "quest": -1
        }
      ],
      "hand_num": -1, 
      "amount": 0
    },
    {
      "phrase": "Whatever",
      "replies": [
        {
          "phrase": "Cool...",
          "dialouge_num": -1,
          "quest": -1
        },
        {
          "phrase": "Bye.",
          "dialouge_num": -1,
          "quest": -1
        }
      ],
      "hand_num": -1, 
      "amount": 0
    }
  ],
  "Brent": [
    {
      "phrase": "Oh geez, man! Oh gosh so many coins, what if we lose Cloudy Meadows?!",
      "replies": [
        {
          "phrase": "Hey man, how's it going?",
          "dialouge_num": 1,
          "quest": -1
        },
        {
          "phrase": "Anything I can do to help?",
          "dialouge_num": 3,
          "quest": -1
        },
        {
          "phrase": "Bye...",
          "dialouge_num": -1,
          "quest": -1
        }
      ],
      "hand_num": -1, 
      "amount": 0
    },
    {
      "phrase": "How does it look? Bad bad bad! Oh geez man, what am I gonna do?",
      "replies": [
        {
          "phrase": "You worried about Mr. C?",
          "dialouge_num": 2,
          "quest": -1
        },
        {
          "phrase": "I'm gonna let you cool off.",
          "dialouge_num": -1,
          "quest": -1
        }
      ],
      "hand_num": -1, 
      "amount": 0
    },
    {
      "phrase": "Yeah man, I am full on freaking out!",
      "replies": [
        {
          "phrase": "Any way I can help?",
          "dialouge_num": 3,
          "quest": -1
        },
        {
          "phrase": "Sorry bro, good luck.",
          "dialouge_num": -1,
          "quest": -1
        }
      ],
      "hand_num": -1, 
      "amount": 0
    },
    {
      "phrase": "Go to Poly Park and tell my mom that I might need a place to stay.",
      "replies": [
        {
          "phrase": "You Got it Brent!",
          "dialouge_num": 4,
          "quest": -1
        },
        {
          "phrase": "I don't know where that is.",
          "dialouge_num": 5,
          "quest": -1
        },
        {
          "phrase": "I can't help right now, sorry.",
          "dialouge_num": -1,
          "quest": -1
        }
      ],
      "hand_num": -1, 
      "amount": 0
    },
    {
      "phrase": "Thanks, my mom will know what to do, she is my super hero.",
      "replies": [
        {
          "phrase": "You Got it Brent!",
          "dialouge_num": -1,
          "quest": -1
        }
      ],
      "hand_num": -1, 
      "amount": 0
    },
    {
      "phrase": "You might want to take the air ship head left for awhile you can't miss it",
      "replies": [
        {
          "phrase": "Okay.",
          "dialouge_num": 6,
          "quest": -1
        }
      ],
      "hand_num": -1, 
      "amount": 0
    },
    {
      "phrase": "So do you think you can help me?",
      "replies": [
        {
          "phrase": "You Got it Brent!",
          "dialouge_num": 4,
          "quest": -1
        },
        {
          "phrase": "I can't help right now, sorry.",
          "dialouge_num": -1,
          "quest": -1
        }
      ],
      "hand_num": -1, 
      "amount": 0
    }
  ],
  "BlindPete": [
    {
      "phrase": "Hi, im Blind Pete",
      "replies": [
        {
          "phrase": "Hi, Blind Pete",
          "dialouge_num": 1,
          "quest": -1
        },
        {
          "phrase": "Bye",
          "dialouge_num": -1,
          "quest": -1
        }
      ],
      "hand_num": -1, 
      "amount": 0
    },
    {
      "phrase": "How are you today?",
      "replies": [
        {
          "phrase": "Good.",
          "dialouge_num": -1,
          "quest": -1
        },
        {
          "phrase": "Bad.",
          "dialouge_num": -1,
          "quest": -1
        },
        {
          "phrase": "Bye.",
          "dialouge_num": -1,
          "quest": -1
        }
      ],
      "hand_num": -1, 
      "amount": 0
    }
  ],
  "James": [
    {
      "phrase": "Hi, im James.",
      "replies": [
        {
          "phrase": "Hi James.",
          "dialouge_num": 1,
          "quest": -1
        },
        {
          "phrase": "Bye.",
          "dialouge_num": -1,
          "quest": -1
        }
      ],
      "hand_num": -1, 
      "amount": 0
    },
    {
      "phrase": "The red cart on the bottom is where we put anything we want to sell.",
      "replies": [
        {
          "phrase": "Tell me more about the market please.",
          "dialouge_num": 2,
          "quest": -1
        },
        {
          "phrase": "I already know that James.",
          "dialouge_num": -1,
          "quest": -1
        },
        {
          "phrase": "Bye.",
          "dialouge_num": -1,
          "quest": -1
        }
      ],
      "hand_num": -1, 
      "amount": 0
    },

    {
      "phrase": "There are carts for vegatables fruits and insects, they run out of stock but they'll fill back up every day or so.",
      "replies": [
        {
          "phrase": "Thanks, that was super helpful James.",
          "dialouge_num": -1,
          "quest": -1
        },
        {
          "phrase": "I already know that James.",
          "dialouge_num": -1,
          "quest": -1
        },
        {
          "phrase": "Bye.",
          "dialouge_num": -1,
          "quest": -1
        }
      ],
      "hand_num": -1, 
      "amount": 0
    }
  ],
  "Liam": [
    {
      "phrase": "Hi, I'm Liam",
      "replies": [
        {
          "phrase": "Hi Liam, anything I can do to help?",
          "dialouge_num": 1,
          "quest": -1
        },
        {
          "phrase": "Bye.",
          "dialouge_num": -1,
          "quest": -1
        }
      ],
      "hand_num": -1, 
      "amount": 0
    },
    {
      "phrase": "I love James, can you give him this love letter for me?",
      "replies": [
        {
          "phrase": "Yeah I can do that!",
          "dialouge_num": 2,
          "quest": -1
        },
        {
          "phrase": "What do I look like, your love letter collector? I have other things to do.",
          "dialouge_num": -1,
          "quest": -1
        },
        {
          "phrase": "No sorry I can't do that right now.",
          "dialouge_num": -1,
          "quest": -1
        }
      ],
      "hand_num": -1, 
      "amount": 0
    },
    {
      "phrase": "I love James, thanks.",
      "replies": [
        {
          "phrase": ":)",
          "dialouge_num": -1,
          "quest": -1
        },
        {
          "phrase": "Where is James?",
          "dialouge_num": 3,
          "quest": -1
        }
      ],
      "hand_num": -1, 
      "amount": 0
    },
    {
      "phrase": "James likes to hang out in the market. Blonde hair, hot bod can't miss him",
      "replies": [
        {
          "phrase": ":)",
          "dialouge_num": -1,
          "quest": -1
        },
        {
          "phrase": "Uh okay.",
          "dialouge_num": -1,
          "quest": -1
        }
      ],
      "hand_num": -1, 
      "amount": 0
    }
  ],
  "Zoda": [
    {
      "phrase": "Hi, im Zoda, id call myself a robot expert. Need to know anything?",
      "replies": [
        {
          "phrase": "Yeah",
          "dialouge_num": 1,
          "quest": -1
        },
        {
          "phrase": "No",
          "dialouge_num": -1,
          "quest": -1
        }
      ],
      "hand_num": -1, 
      "amount": 0
    },
    {
      "phrase": "Well what do you wanna know about?",
      "replies": [
        {
          "phrase": "How to start?",
          "dialouge_num": 2,
          "quest": -1
        },
        {
          "phrase": "Robot levels",
          "dialouge_num": 3,
          "quest": -1
        },
        {
          "phrase": "Are they worth it?",
          "dialouge_num": 4,
          "quest": -1
        },
        {
          "phrase": "What does the color of the floppy mean?",
          "dialouge_num": 5,
          "quest": -1
        },
        {
          "phrase": "Whats the pc for?",
          "dialouge_num": 6,
          "quest": -1
        },
        {
          "phrase": "How do I make them farm?",
          "dialouge_num": 7,
          "quest": -1
        },
        {
          "phrase": "Nevermind, bye",
          "dialouge_num": -1,
          "quest": -1
        }
      ],
      "hand_num": -1, 
      "amount": 0
    },
    {
      "phrase": "Well you will need a robot of your own, I can give you one of my favorite robots if you can do a couple things for me, ill give you a lvl 1 robot",
      "replies": [
        {
          "phrase": "You got a deal",
          "dialouge_num": 9,
          "quest": -1
        },
        {
          "phrase": "WHA why is a lvl 1 your favorite?",
          "dialouge_num": 8,
          "quest": -1
        },
        {
          "phrase": "Wait one more thing",
          "dialouge_num": 1,
          "quest": -1
        },
        {
          "phrase": "Ok thanks",
          "dialouge_num": -1,
          "quest": -1
        }
      ],
      "hand_num": -1, 
      "amount": 0
    },
    {
      "phrase": "Robot levels",
      "replies": [
        {
          "phrase": "Wait one more thing",
          "dialouge_num": 1,
          "quest": -1
        },
        {
          "phrase": "Ok thanks",
          "dialouge_num": -1,
          "quest": -1
        }
      ],
      "hand_num": -1, 
      "amount": 0
    },
    {
      "phrase": "Are they worth it?",
      "replies": [
        {
          "phrase": "Wait one more thing",
          "dialouge_num": 1,
          "quest": -1
        },
        {
          "phrase": "Ok thanks",
          "dialouge_num": -1,
          "quest": -1
        }
      ],
      "hand_num": -1, 
      "amount": 0
    },
    {
      "phrase": "What does the color of the floppy mean?",
      "replies": [
        {
          "phrase": "Wait one more thing",
          "dialouge_num": 1,
          "quest": -1
        },
        {
          "phrase": "Ok thanks",
          "dialouge_num": -1,
          "quest": -1
        }
      ],
      "hand_num": -1, 
      "amount": 0
    },
    {
      "phrase": "Whats the pc for?",
      "replies": [
        {
          "phrase": "Wait one more thing",
          "dialouge_num": 1,
          "quest": -1
        },
        {
          "phrase": "Ok thanks",
          "dialouge_num": -1,
          "quest": -1
        }
      ],
      "hand_num": -1, 
      "amount": 0
    },
    {
      "phrase": "How do I make them farm?",
      "replies": [
        {
          "phrase": "Wait one more thing",
          "dialouge_num": 1,
          "quest": -1
        },
        {
          "phrase": "Ok thanks",
          "dialouge_num": -1,
          "quest": -1
        }
      ],
      "hand_num": -1, 
      "amount": 0
    },
    {
      "phrase": "Oh just cause its orange :p",
      "replies": [
        {
          "phrase": "Oh ok",
          "dialouge_num": -1,
          "quest": -1
        }
      ],
      "hand_num": -1, 
      "amount": 0
    },
    {
      "phrase" : "Ok you have 3 days",
      "replies": [
        {
          "phrase": "You got it!",
          "dialouge_num": -1,
          "quest": {"name": "Free Robot", "goals": [{"class": "TalkingGoal", "npc_name": "Zoda", "item_name": "Strawberries", "amount": 20}], "days": 3, "reward_item": {"num": 27, "amount": 1}, "reward_coins": 0}
        },
        {
          "phrase": "Actually nevermind",
          "dialouge_num": -1,
          "quest": -1
        }
      ],
      "hand_num": -1,
      "amount": 0
    }
  ],
  "Super Tina": [
    {
      "phrase": "Hi, im SUPER Tina",
      "replies": [
        {
          "phrase": "Hi, Tina",
          "dialouge_num": 1,
          "quest": -1
        },
        {
          "phrase": "Bye",
          "dialouge_num": -1,
          "quest": -1
        }
      ],
      "hand_num": -1, 
      "amount": 0
    },
    {
      "phrase": "How are you today?",
      "replies": [
        {
          "phrase": "Good.",
          "dialouge_num": -1,
          "quest": -1
        },
        {
          "phrase": "Bad.",
          "dialouge_num": -1,
          "quest": -1
        },
        {
          "phrase": "Bye.",
          "dialouge_num": -1,
          "quest": -1
        }
      ],
      "hand_num": -1, 
      "amount": 0
    }
  ],
  "Guy": [
    {
      "phrase": "Hi, im guy",
      "replies": [
        {
          "phrase": "Hi, guy",
          "dialouge_num": 1,
          "quest": -1
        },
        {
          "phrase": "Bye",
          "dialouge_num": -1,
          "quest": -1
        }
      ],
      "hand_num": -1, 
      "amount": 0
    },
    {
      "phrase": "How are you today?",
      "replies": [
        {
          "phrase": "Good.",
          "dialouge_num": -1,
          "quest": -1
        },
        {
          "phrase": "Bad.",
          "dialouge_num": -1,
          "quest": -1
        },
        {
          "phrase": "Bye.",
          "dialouge_num": -1,
          "quest": -1
        }
      ],
      "hand_num": -1, 
      "amount": 0
    }
  ],
  "Vinny": [
    {
      "phrase": "Hi, im Vinny",
      "replies": [
        {
          "phrase": "Hi, Vinny",
          "dialouge_num": 1,
          "quest": -1
        },
        {
          "phrase": "Bye",
          "dialouge_num": -1,
          "quest": -1
        }
      ],
      "hand_num": -1, 
      "amount": 0
    },
    {
      "phrase": "How are you today?",
      "replies": [
        {
          "phrase": "Good.",
          "dialouge_num": -1,
          "quest": -1
        },
        {
          "phrase": "Bad.",
          "dialouge_num": -1,
          "quest": -1
        },
        {
          "phrase": "Bye.",
          "dialouge_num": -1,
          "quest": -1
        }
      ],
      "hand_num": -1, 
      "amount": 0
    }
  ],
  "Kenny": [
    {
      "phrase": "Hi, im Kenny",
      "replies": [
        {
          "phrase": "Hi, Kenny",
          "dialouge_num": 1,
          "quest": -1
        },
        {
          "phrase": "Bye",
          "dialouge_num": -1,
          "quest": -1
        }
      ],
      "hand_num": -1, 
      "amount": 0
    },
    {
      "phrase": "How are you today?",
      "replies": [
        {
          "phrase": "Good.",
          "dialouge_num": -1,
          "quest": -1
        },
        {
          "phrase": "Bad.",
          "dialouge_num": -1,
          "quest": -1
        },
        {
          "phrase": "Bye.",
          "dialouge_num": -1,
          "quest": -1
        }
      ],
      "hand_num": -1, 
      "amount": 0
    }
  ],
  "Ishmil": [
    {
      "phrase": "Hi, im Ishmil",
      "replies": [
        {
          "phrase": "Hi, Ishmil",
          "dialouge_num": 1,
          "quest": -1
        },
        {
          "phrase": "Bye",
          "dialouge_num": -1,
          "quest": -1
        }
      ],
      "hand_num": -1, 
      "amount": 0
    },
    {
      "phrase": "How are you today?",
      "replies": [
        {
          "phrase": "Good.",
          "dialouge_num": -1,
          "quest": -1
        },
        {
          "phrase": "Bad.",
          "dialouge_num": -1,
          "quest": -1
        },
        {
          "phrase": "Bye.",
          "dialouge_num": -1,
          "quest": -1
        }
      ],
      "hand_num": -1, 
      "amount": 0
    }
  ]
}
